{"cameraMode":{"drawMode":0,"name":"Shaded","section":"Shading Mode"},"sceneLighting":false,"audioPlay":false,"sceneViewState":{"m_AlwaysRefresh":false,"showFog":true,"showSkybox":false,"showFlares":true,"showImageEffects":true,"showParticleSystems":true,"showVisualEffectGraphs":true,"m_FxEnabled":true},"in2DMode":false,"pivot":{"x":-0.06579458713531494,"y":-0.11884645372629166,"z":-0.040490031242370608},"rotation":{"x":-0.03470595180988312,"y":0.8126124143600464,"z":-0.048550140112638476,"w":-0.5798511505126953},"size":0.20144657790660859,"orthographic":true}