{"cameraMode":{"drawMode":0,"name":"Shaded","section":"Shading Mode"},"sceneLighting":false,"audioPlay":false,"sceneViewState":{"m_AlwaysRefresh":false,"showFog":true,"showSkybox":false,"showFlares":true,"showImageEffects":true,"showParticleSystems":true,"showVisualEffectGraphs":true,"m_FxEnabled":true},"in2DMode":false,"pivot":{"x":0.05813099443912506,"y":-0.04953111335635185,"z":-0.19584551453590394},"rotation":{"x":-0.27825677394866946,"y":-0.30693644285202029,"z":0.09449709206819534,"w":-0.9054259061813355},"size":0.7895011901855469,"orthographic":true}