{"cameraMode":{"drawMode":0,"name":"Shaded","section":"Shading Mode"},"sceneLighting":false,"audioPlay":false,"sceneViewState":{"m_AlwaysRefresh":false,"showFog":true,"showSkybox":false,"showFlares":true,"showImageEffects":true,"showParticleSystems":true,"showVisualEffectGraphs":true,"m_FxEnabled":true},"in2DMode":false,"pivot":{"x":0.05813099443912506,"y":-0.04953111335635185,"z":-0.19584551453590394},"rotation":{"x":-0.30753225088119509,"y":-0.29570043087005618,"z":0.10143621265888214,"w":-0.8989202976226807},"size":0.5366706848144531,"orthographic":true}