{"cameraMode":{"drawMode":0,"name":"Shaded","section":"Shading Mode"},"sceneLighting":true,"audioPlay":false,"sceneViewState":{"m_AlwaysRefresh":false,"showFog":true,"showSkybox":true,"showFlares":true,"showImageEffects":true,"showParticleSystems":true,"showVisualEffectGraphs":true,"m_FxEnabled":true},"in2DMode":false,"pivot":{"x":1.1813050508499146,"y":0.25470972061157229,"z":-1.4788765907287598},"rotation":{"x":0.10780663043260575,"y":0.8864489793777466,"z":-0.25998350977897646,"w":0.36748072504997256},"size":10.996429443359375,"orthographic":true}