{"cameraMode":{"drawMode":0,"name":"Shaded","section":"Shading Mode"},"sceneLighting":false,"audioPlay":false,"sceneViewState":{"m_AlwaysRefresh":false,"showFog":true,"showSkybox":false,"showFlares":true,"showImageEffects":true,"showParticleSystems":true,"showVisualEffectGraphs":true,"m_FxEnabled":true},"in2DMode":false,"pivot":{"x":-0.09587928652763367,"y":0.6164777278900147,"z":0.07117770612239838},"rotation":{"x":0.07058362662792206,"y":-0.8682469725608826,"z":0.12935642898082734,"w":0.4737567603588104},"size":1.1785448789596558,"orthographic":true}